{"cameraMode":{"drawMode":0,"name":"Shaded","section":"Shading Mode"},"sceneLighting":true,"audioPlay":false,"sceneViewState":{"m_AlwaysRefresh":false,"showFog":true,"showSkybox":true,"showFlares":true,"showImageEffects":true,"showParticleSystems":true,"showVisualEffectGraphs":true,"m_FxEnabled":true},"in2DMode":false,"pivot":{"x":4.293372631072998,"y":0.9002877473831177,"z":6.042747497558594},"rotation":{"x":-0.05276679992675781,"y":-0.026363030076026918,"z":0.00139383296482265,"w":-0.9982596039772034},"size":12.58243465423584,"orthographic":false}